id,study_id,contrast_id,authors,journal,year,title
10531451-1,10531451,1,"Shulman GL, Ollinger JM, Akbudak E, Conturo TE, Snyder AZ, Petersen SE, Corbetta M",The Journal of neuroscience : the official journal of the Society for Neuroscience,1999,Areas involved in encoding and applying directional expectations to moving objects.
10624956-1,10624956,1,"Orban GA, Sunaert S, Todd JT, Van Hecke P, Marchal G",Neuron,1999,Human cortical regions involved in extracting depth from motion.
10643727-1,10643727,1,"Pollmann S, Dove A, Yves von Cramon D, Wiggins CJ",Human brain mapping,2000,Event-related fMRI: comparison of conditions with varying BOLD overlap.
10982748-1,10982748,1,"Lewis JW, Beauchamp MS, DeYoe EA","Cerebral cortex (New York, N.Y. : 1991)",2000,A comparison of visual and auditory motion processing in human cerebral cortex.
11387405-1,11387405,1,"Ehrsson HH, Fagergren E, Forssberg H",Journal of neurophysiology,2001,Differential fronto-parietal activation depending on force used in a precision grip task: an fMRI study.
11438601-1,11438601,1,"Rushworth MF, Paus T, Sipila PK",The Journal of neuroscience : the official journal of the Society for Neuroscience,2001,Attention systems and the organization of the human parietal cortex.
11516444-1,11516444,1,"Maratos EJ, Dolan RJ, Morris JS, Henson RN, Rugg MD",Neuropsychologia,2001,Neural activity associated with episodic memory for emotional context.
11549616-1,11549616,1,"Grosbras MH, Leonards U, Lobel E, Poline JB, LeBihan D, Berthoz A","Cerebral cortex (New York, N.Y. : 1991)",2001,Human cortical networks for new and familiar sequences of saccades.
11567063-1,11567063,1,"Monchi O, Petrides M, Petre V, Worsley K, Dagher A",The Journal of neuroscience : the official journal of the Society for Neuroscience,2001,Wisconsin Card Sorting revisited: distinct neural circuits participating in different stages of the task identified by event-related functional magnetic resonance imaging.
11784773-1,11784773,1,"Burton H, Snyder AZ, Conturo TE, Akbudak E, Ollinger JM, Raichle ME",Journal of neurophysiology,2002,Adaptive changes in early and late blind: a fMRI study of Braille reading.
11884351-1,11884351,1,"Macaluso E, Frith CD, Driver J","Cerebral cortex (New York, N.Y. : 1991)",2002,Directing attention to locations and to sensory modalities: multiple levels of selective processing revealed with PET.
11900744-1,11900744,1,"Vanrie J, Beatse E, Wagemans J, Sunaert S, Van Hecke P",Neuropsychologia,2002,Mental rotation versus invariant features in object perception from different viewpoints: an fMRI study.
11923436-1,11923436,1,"Shelton AL, Gabrieli JD",The Journal of neuroscience : the official journal of the Society for Neuroscience,2002,Neural correlates of encoding space from route and survey perspectives.
12062884-1,12062884,1,"Paulus MP, Hozack NE, Zauscher BE, Frank L, Brown GG, McDowell J, Braff DL",Biological psychiatry,2002,Parietal dysfunction is associated with increased outcome-related decision-making in schizophrenia patients.
12165479-1,12165479,1,"Hashimoto R, Sakai KL",Neuron,2002,Specialization in the left prefrontal cortex for sentence comprehension.
12379601-1,12379601,1,"Shulman GL, d'Avossa G, Tansy AP, Corbetta M","Cerebral cortex (New York, N.Y. : 1991)",2002,Two attentional processes in the parietal lobe.
12433382-1,12433382,1,"Weissman DH, Woldorff MG, Hazlett CJ, Mangun GR",Brain research. Cognitive brain research,2002,Effects of practice on executive control investigated with fMRI.
12507945-1,12507945,1,"Bullmore E, Suckling J, Zelaya F, Long C, Honey G, Reed L, Routledge C, Ng V, Fletcher P, Brown J, Williams SC","Cerebral cortex (New York, N.Y. : 1991)",2003,Practice and difficulty evoke anatomically and pharmacologically dissociable brain activation dynamics.
12595190-1,12595190,1,"van den Heuvel OA, Groenewegen HJ, Barkhof F, Lazeron RH, van Dyck R, Veltman DJ",NeuroImage,2003,Frontostriatal system in planning complexity: a parametric functional magnetic resonance version of Tower of London task.
12599280-1,12599280,1,"Peng DL, Xu D, Jin Z, Luo Q, Ding GS, Perry C, Zhang L, Liu Y",Human brain mapping,2003,Neural basis of the non-attentional processing of briefly presented words.
12653987-1,12653987,1,"Shikata E, Hamzei F, Glauche V, Koch M, Weiller C, Binkofski F, Buchel C",The European journal of neuroscience,2003,Functional properties and interaction of the anterior and posterior intraparietal areas in humans.
12667840-1,12667840,1,"Small DM, Gitelman DR, Gregory MD, Nobre AC, Parrish TB, Mesulam MM",NeuroImage,2003,The posterior cingulate and medial prefrontal cortex mediate the anticipatory allocation of spatial attention.
12738341-1,12738341,1,"Wild B, Erb M, Eyb M, Bartels M, Grodd W",Psychiatry research,2003,Why are smiles contagious? An fMRI study of the interaction between perception of facial affect and facial movements.
12781725-1,12781725,1,"Burgund ED, Lugar HM, Miezin FM, Petersen SE",NeuroImage,2003,Sustained and transient activity during an object-naming task: a mixed blocked and event-related fMRI study.
12880825-1,12880825,1,"Gizewski ER, Gasser T, de Greiff A, Boehm A, Forsting M",NeuroImage,2003,Cross-modal plasticity for sensory and motor activation patterns in blind subjects.
12944506-1,12944506,1,"Konishi S, Jimura K, Asari T, Miyashita Y",The Journal of neuroscience : the official journal of the Society for Neuroscience,2003,Transient activation of superior prefrontal cortex during inhibition of cognitive set.
12948713-1,12948713,1,"Stephenson CM, Suckling J, Dirckx SG, Ooi C, McKenna PJ, Bisbrown-Chippendale R, Kerwin RW, Pickard JD, Bullmore ET",NeuroImage,2003,GABAergic inhibitory mechanisms for repetition-adaptivity in large-scale brain systems.
12948716-1,12948716,1,"Michelon P, Snyder AZ, Buckner RL, McAvoy M, Zacks JM",NeuroImage,2003,Neural correlates of incongruous visual information. An event-related fMRI study.
12948727-1,12948727,1,"Opitz B, Friederici AD",NeuroImage,2003,Interactions of the hippocampal system and the prefrontal cortex in learning language-like rules.
14527565-1,14527565,1,"Lee HS, Fujii T, Okuda J, Tsukiura T, Umetsu A, Suzuki M, Nagasaka T, Takahashi S, Yamadori A",NeuroImage,2003,Changes in brain activation patterns associated with learning of Korean words by  Japanese: an fMRI study.
14527618-1,14527618,1,"Homae F, Yahata N, Sakai KL",NeuroImage,2003,Selective enhancement of functional connectivity in the left prefrontal cortex during sentence processing.
14642477-1,14642477,1,"Manoach DS, Greve DN, Lindgren KA, Dale AM",NeuroImage,2003,Identifying regional activity associated with temporally separated components of  working memory using event-related functional MRI.
14656307-1,14656307,1,"Gron G, Schul D, Bretschneider V, Wunderlich AP, Riepe MW",The European journal of neuroscience,2003,Alike performance during nonverbal episodic learning from diversely imprinted neural networks.
14973239-1,14973239,1,"Haruno M, Kuroda T, Doya K, Toyama K, Kimura M, Samejima K, Imamizu H, Kawato M",The Journal of neuroscience : the official journal of the Society for Neuroscience,2004,A neural correlate of reward-based behavioral learning in caudate nucleus: a functional magnetic resonance imaging study of a stochastic decision task.
15046729-1,15046729,1,"Pinel P, Piazza M, Le Bihan D, Dehaene S",Neuron,2004,"Distributed and overlapping cerebral representations of number, size, and luminance during comparative judgments."
15084491-1,15084491,1,"Rama P, Poremba A, Sala JB, Yee L, Malloy M, Mishkin M, Courtney SM","Cerebral cortex (New York, N.Y. : 1991)",2004,Dissociable functional cortical topographies for working memory maintenance of voice identity and location.
15193581-1,15193581,1,"Bledowski C, Prvulovic D, Goebel R, Zanella FE, Linden DE",NeuroImage,2004,Attentional systems in target and distractor processing: a combined ERP and fMRI  study.
15567485-1,15567485,1,"Kowatari Y, Yamamoto M, Takahashi T, Kansaku K, Kitazawa S, Ueno S, Yamane S",Neuroscience research,2004,Dominance of the left oblique view in activating the cortical network for face recognition.
15808973-1,15808973,1,"Reed CL, Klatzky RL, Halgren E",NeuroImage,2005,What vs. where in touch: an fMRI study.
15808991-1,15808991,1,"Villalobos ME, Mizuno A, Dahl BC, Kemmotsu N, Muller RA",NeuroImage,2005,Reduced functional connectivity between V1 and inferior frontal cortex associated with visuomotor performance in autism.
15811551-1,15811551,1,"Oishi K, Toma K, Bagarinao ET, Matsuo K, Nakai T, Chihara K, Fukuyama H",Neuroscience research,2005,Activation of the precuneus is related to reduced reaction time in serial reaction time tasks.
15820643-1,15820643,1,"Boronat CB, Buxbaum LJ, Coslett HB, Tang K, Saffran EM, Kimberg DY, Detre JA",Brain research. Cognitive brain research,2005,Distinctions between manipulation and function knowledge of objects: evidence from functional magnetic resonance imaging.
15858056-1,15858056,1,"Sawamura H, Georgieva S, Vogels R, Vanduffel W, Orban GA",The Journal of neuroscience : the official journal of the Society for Neuroscience,2005,Using functional magnetic resonance imaging to assess adaptation and size invariance of shape processing by humans and monkeys.
15878602-1,15878602,1,"Lee TM, Liu HL, Hung KN, Pu J, Ng YB, Mak AK, Gao JH, Chan CC",Neuropsychologia,2005,The cerebellum's involvement in the judgment of spatial orientation: a functional magnetic resonance imaging study.
15924867-1,15924867,1,"Sigman M, Pan H, Yang Y, Stern E, Silbersweig D, Gilbert CD",Neuron,2005,Top-down reorganization of activity in the visual pathway after learning a shape  identification task.
15953423-1,15953423,1,"Petrovic P, Dietrich T, Fransson P, Andersson J, Carlsson K, Ingvar M",Neuron,2005,Placebo in emotional processing--induced expectations of anxiety relief activate  a generalized modulatory network.
15961322-1,15961322,1,"Vigneau M, Jobard G, Mazoyer B, Tzourio-Mazoyer N",NeuroImage,2005,Word and non-word reading: what role for the Visual Word Form Area?
15982787-1,15982787,1,"Moffat SD, Elkins W, Resnick SM",Neurobiology of aging,2006,Age differences in the neural systems supporting human allocentric spatial navigation.
15993630-1,15993630,1,"Peyrin C, Schwartz S, Seghier M, Michel C, Landis T, Vuilleumier P",NeuroImage,2005,Hemispheric specialization of human inferior temporal cortex during coarse-to-fine and fine-to-coarse analysis of natural visual scenes.
16005247-1,16005247,1,"Deutschlander A, Marx E, Stephan T, Riedel E, Wiesmann M, Dieterich M, Brandt T",NeuroImage,2005,Asymmetric modulation of human visual cortex activity during 10 degrees lateral gaze (fMRI study).
16027012-1,16027012,1,"King JA, Hartley T, Spiers HJ, Maguire EA, Burgess N",NeuroImage,2005,Anterior prefrontal involvement in episodic retrieval reflects contextual interference.
16076549-1,16076549,1,"Manoach DS, White N, Lindgren KA, Heckers S, Coleman MJ, Dubal S, Goff DC, Holzman PS",Schizophrenia research,2005,Intact hemispheric specialization for spatial and shape working memory in schizophrenia.
16084858-1,16084858,1,"Uher R, Murphy T, Friederich HC, Dalgleish T, Brammer MJ, Giampietro V, Phillips ML, Andrew CM, Ng VW, Williams SC, Campbell IC, Treasure J",Biological psychiatry,2005,Functional neuroanatomy of body shape perception in healthy and eating-disordered women.
16099355-1,16099355,1,"Mazard A, Laou L, Joliot M, Mellet E",Brain research. Cognitive brain research,2005,Neural impact of the semantic content of visual mental images and visual percepts.
16162854-1,16162854,1,"Wheeler ME, Shulman GL, Buckner RL, Miezin FM, Velanova K, Petersen SE","Cerebral cortex (New York, N.Y. : 1991)",2006,Evidence for separate perceptual reactivation and search processes during remembering.
16171833-1,16171833,1,"Schilbach L, Wohlschlaeger AM, Kraemer NC, Newen A, Shah NJ, Fink GR, Vogeley K",Neuropsychologia,2006,Being with virtual others: Neural correlates of social interaction.
16228196-1,16228196,1,"Fu CH, Abel KM, Allin MP, Gasston D, Costafreda SG, Suckling J, Williams SC, McGuire PK",Psychopharmacology,2005,Effects of ketamine on prefrontal and striatal regions in an overt verbal fluency task: a functional magnetic resonance imaging study.
16257546-1,16257546,1,"Brem S, Bucher K, Halder P, Summers P, Dietrich T, Martin E, Brandeis D",NeuroImage,2006,Evidence for developmental changes in the visual word processing network beyond adolescence.
16337110-1,16337110,1,"Nebel K, Wiese H, Stude P, de Greiff A, Diener HC, Keidel M",Brain research. Cognitive brain research,2005,On the neural basis of focused and divided attention.
16337706-1,16337706,1,"Kawawaki D, Shibata T, Goda N, Doya K, Kawato M",Neuroscience research,2006,Anterior and superior lateral occipito-temporal cortex responsible for target motion prediction during overt and covert visual pursuit.
16466679-1,16466679,1,"Wenderoth N, Toni I, Bedeleem S, Debaere F, Swinnen SP",NeuroImage,2006,Information processing in human parieto-frontal circuits during goal-directed bimanual movements.
16466933-1,16466933,1,"Forn C, Barros-Loscertales A, Escudero J, Belloch V, Campos S, Parcet MA, Avila C",NeuroImage,2006,Cortical reorganization during PASAT task in MS patients with preserved working memory functions.
16540574-1,16540574,1,"Aziz-Zadeh L, Koski L, Zaidel E, Mazziotta J, Iacoboni M",The Journal of neuroscience : the official journal of the Society for Neuroscience,2006,Lateralization of the human mirror neuron system.
16574168-1,16574168,1,"van Leijenhorst L, Crone EA, Bunge SA",Neuropsychologia,2006,Neural correlates of developmental differences in risk estimation and feedback processing.
16616832-1,16616832,1,"Kumari V, Aasen I, Taylor P, Ffytche DH, Das M, Barkataki I, Goswami S, O'Connell P, Howlett M, Williams SC, Sharma T",Schizophrenia research,2006,Neural dysfunction and violence in schizophrenia: an fMRI investigation.
16626975-1,16626975,1,"Christensen MS, Ramsoy TZ, Lund TE, Madsen KH, Rowe JB",NeuroImage,2006,An fMRI study of the neural correlates of graded visual perception.
16699081-1,16699081,1,"Eriksson J, Larsson A, Ahlstrom KR, Nyberg L","Cerebral cortex (New York, N.Y. : 1991)",2007,Similar frontal and distinct posterior cortical regions mediate visual and auditory perceptual awareness.
16706858-1,16706858,1,"Natale E, Marzi CA, Girelli M, Pavone EF, Pollmann S",The European journal of neuroscience,2006,ERP and fMRI correlates of endogenous and exogenous focusing of visual-spatial attention.
16934843-1,16934843,1,"Kukolja J, Marshall JC, Fink GR",Neuropsychologia,2006,Neural mechanisms underlying spatial judgements on seen and imagined visual stimuli in the left and right hemifields in men.
16949839-1,16949839,1,"Lee AC, Bandelow S, Schwarzbauer C, Henson RN, Graham KS",NeuroImage,2006,Perirhinal cortex activity during visual object discrimination: an event-related  fMRI study.
16959497-1,16959497,1,"Leland DS, Arce E, Feinstein JS, Paulus MP",NeuroImage,2006,Young adult stimulant users' increased striatal activation during uncertainty is  related to impulsivity.
16962075-1,16962075,1,"Buxbaum LJ, Kyle KM, Tang K, Detre JA",Brain research,2006,Neural substrates of knowledge of hand postures for object grasping and functional object use: evidence from fMRI.
16997905-1,16997905,1,"Epstein RA, Higgins JS","Cerebral cortex (New York, N.Y. : 1991)",2007,Differential parahippocampal and retrosplenial involvement in three types of visual scene recognition.
17003078-1,17003078,1,"Indovina I, Macaluso E","Cerebral cortex (New York, N.Y. : 1991)",2007,Dissociation of stimulus relevance and saliency factors during shifts of visuospatial attention.
17046722-1,17046722,1,"Rilling JK, Glenn AL, Jairam MR, Pagnoni G, Goldsmith DR, Elfenbein HA, Lilienfeld SO",Biological psychiatry,2007,Neural correlates of social cooperation and non-cooperation as a function of psychopathy.
17055298-1,17055298,1,"Maratos FA, Anderson SJ, Hillebrand A, Singh KD, Barnes GR",NeuroImage,2007,The spatial distribution and temporal dynamics of brain regions activated during  the perception of object and non-object patterns.
17060367-1,17060367,1,"Christensen MS, Lundbye-Jensen J, Petersen N, Geertsen SS, Paulson OB, Nielsen JB","Cerebral cortex (New York, N.Y. : 1991)",2007,Watching your foot move--an fMRI study of visuomotor interactions during foot movement.
17065458-1,17065458,1,"Moore CD, Cohen MX, Ranganath C",The Journal of neuroscience : the official journal of the Society for Neuroscience,2006,Neural mechanisms of expert skills in visual working memory.
17071109-1,17071109,1,"Ganis G, Schendan HE, Kosslyn SM",NeuroImage,2007,Neuroimaging evidence for object model verification theory: Role of prefrontal control in visual object categorization.
17133384-1,17133384,1,"Bitan T, Burman DD, Chou TL, Lu D, Cone NE, Cao F, Bigio JD, Booth JR",Human brain mapping,2007,The interaction between orthographic and phonological information in children: an fMRI study.
17175179-1,17175179,1,"Chang C, Crottaz-Herbette S, Menon V",NeuroImage,2007,Temporal dynamics of basal ganglia response and connectivity during verbal working memory.
17224409-1,17224409,1,"Piazza M, Pinel P, Le Bihan D, Dehaene S",Neuron,2007,A magnitude code common to numerosities and number symbols in human intraparietal cortex.
17321151-1,17321151,1,"Dichter GS, Belger A",NeuroImage,2007,Social stimuli interfere with cognitive control in autism.
17327919-1,17327919,1,"Mutschler I, Schulze-Bonhage A, Glauche V, Demandt E, Speck O, Ball T",PloS one,2007,A rapid sound-action association effect in human insular cortex.
17329129-1,17329129,1,"Aparicio M, Gounot D, Demont E, Metz-Lutz MN",NeuroImage,2007,Phonological processing in relation to reading: an fMRI study in deaf readers.
17336947-1,17336947,1,"Kawamichi H, Kikuchi Y, Noriuchi M, Senoo A, Ueno S",Brain research,2007,Distinct neural correlates underlying two- and three-dimensional mental rotations using three-dimensional objects.
17358019-1,17358019,1,"Picchioni M, Matthiasson P, Broome M, Giampietro V, Brammer M, Mathes B, Fletcher P, Williams S, McGuire P",Human brain mapping,2007,Medial temporal lobe activity at recognition increases with the duration of mnemonic delay during an object working memory task.
17359923-1,17359923,1,"Jiang X, Bradley E, Rini RA, Zeffiro T, Vanmeter J, Riesenhuber M",Neuron,2007,Categorization training results in shape- and category-selective human neural plasticity.
17475792-1,17475792,1,"Bjork JM, Smith AR, Danube CL, Hommer DW",The Journal of neuroscience : the official journal of the Society for Neuroscience,2007,Developmental differences in posterior mesofrontal cortex recruitment by risky rewards.
17555989-1,17555989,1,"Sabb FW, Bilder RM, Chou M, Bookheimer SY",NeuroImage,2007,Working memory effects on semantic processing: priming differences in pars orbitalis.
17629502-1,17629502,1,"Lissek S, Hausmann M, Knossalla F, Peters S, Nicolas V, Gunturkun O, Tegenthoff M",NeuroImage,2007,Sex differences in cortical and subcortical recruitment during simple and complex motor control: an fMRI study.
17651709-1,17651709,1,"Janzen G, Weststeijn CG",Brain research,2007,Neural representation of object location and route direction: an event-related fMRI study.
17686049-1,17686049,1,"Fawcett IP, Hillebrand A, Singh KD",The European journal of neuroscience,2007,The temporal sequence of evoked and induced cortical responses to implied-motion  processing in human motion area V5/MT+.
17822681-1,17822681,1,"Fehr T, Code C, Herrmann M",Brain research,2007,Common brain regions underlying different arithmetic operations as revealed by conjunct fMRI-BOLD activation.
17849020-1,17849020,1,"Meister IG, Iacoboni M",PloS one,2007,No language-specific activation during linguistic processing of observed actions.
17855057-1,17855057,1,"Kaladjian A, Jeanningros R, Azorin JM, Grimault S, Anton JL, Mazzola-Pomietto P",Schizophrenia research,2007,Blunted activation in right ventrolateral prefrontal cortex during motor response inhibition in schizophrenia.
17890109-1,17890109,1,"Lin CY, Ryan L",NeuroImage,2007,Repetition priming without identification of the primes: evidence for a component process view of priming.
17913474-1,17913474,1,"Takarae Y, Minshew NJ, Luna B, Sweeney JA",Psychiatry research,2007,Atypical involvement of frontostriatal systems during sensorimotor control in autism.
17916338-1,17916338,1,"Slagter HA, Giesbrecht B, Kok A, Weissman DH, Kenemans JL, Woldorff MG, Mangun GR",Brain research,2007,fMRI evidence for both generalized and specialized components of attentional control.
17919936-1,17919936,1,"Schlindwein P, Mueller M, Bauermann T, Brandt T, Stoeter P, Dieterich M",NeuroImage,2008,Cortical representation of saccular vestibular stimulation: VEMPs in fMRI.
17925295-1,17925295,1,"Davis SW, Dennis NA, Daselaar SM, Fleck MS, Cabeza R","Cerebral cortex (New York, N.Y. : 1991)",2008,Que PASA? The posterior-anterior shift in aging.
17989285-1,17989285,1,"Kim H, Cabeza R",The Journal of neuroscience : the official journal of the Society for Neuroscience,2007,Trusting our memories: dissociating the neural correlates of confidence in veridical versus illusory memories.
18022606-1,18022606,1,"Wood G, Nuerk HC, Moeller K, Geppert B, Schnitker R, Weber J, Willmes K",Brain research,2008,All for one but not one for all: how multiple number representations are recruited in one numerical task.
18093736-1,18093736,1,"Fehr T, Code C, Herrmann M",Neuroscience letters,2008,Auditory task presentation reveals predominantly right hemispheric fMRI activation patterns during mental calculation.
18337398-1,18337398,1,"Alink A, Singer W, Muckli L",The Journal of neuroscience : the official journal of the Society for Neuroscience,2008,Capture of auditory motion by vision is represented by an activation shift from auditory to visual motion cortex.
18343462-1,18343462,1,"Vilberg KL, Rugg MD",Neuropsychologia,2008,Memory retrieval and the parietal cortex: a review of evidence from a dual-process perspective.
18385328-1,18385328,1,"Nagano-Saito A, Leyton M, Monchi O, Goldberg YK, He Y, Dagher A",The Journal of neuroscience : the official journal of the Society for Neuroscience,2008,Dopamine depletion impairs frontostriatal functional connectivity during a set-shifting task.
18433807-1,18433807,1,"Villarreal M, Fridman EA, Amengual A, Falasco G, Gerschcovich ER, Ulloa ER, Leiguarda RC",Neuropsychologia,2008,The neural substrate of gesture recognition.
18437279-1,18437279,1,"Kircher T, Weis S, Leube D, Freymann K, Erb M, Jessen F, Grodd W, Heun R, Krach S",European archives of psychiatry and clinical neuroscience,2008,Anterior hippocampus orchestrates successful encoding and retrieval of non-relational memory: an event-related fMRI study.
18445602-1,18445602,1,"Chikazoe J, Jimura K, Asari T, Yamashita K, Morimoto H, Hirose S, Miyashita Y, Konishi S","Cerebral cortex (New York, N.Y. : 1991)",2009,Functional dissociation in right inferior frontal cortex during performance of go/no-go task.
18454447-1,18454447,1,"Gaab N, Gabrieli JD, Glover GH",Human brain mapping,2008,Resting in peace or noise: scanner background noise suppresses default-mode network.
18465748-1,18465748,1,"Bonnet MC, Dilharreguy B, Allard M, Deloire MS, Petry KG, Brochet B",Human brain mapping,2009,Differential cerebellar and cortical involvement according to various attentional load: role of educational level.
18471837-1,18471837,1,"Ciaramelli E, Grady CL, Moscovitch M",Neuropsychologia,2008,Top-down and bottom-up attention to memory: a hypothesis (AtoM) on the role of the posterior parietal cortex in memory retrieval.
18472185-1,18472185,1,"Heuninckx S, Wenderoth N, Swinnen SP",Neurobiology of aging,2010,Age-related reduction in the differential pathways involved in internal and external movement generation.
18476766-1,18476766,1,"Stock O, Roder B, Burke M, Bien S, Rosler F",Journal of cognitive neuroscience,2009,Cortical activation patterns during long-term memory retrieval of visually or haptically encoded objects and locations.
18479943-1,18479943,1,"Guillot A, Collet C, Nguyen VA, Malouin F, Richards C, Doyon J",NeuroImage,2008,Functional neuroanatomical networks associated with expertise in motor imagery.
18485743-1,18485743,1,"Li CS, Yan P, Sinha R, Lee TW",NeuroImage,2008,Subcortical processes of motor response inhibition during a stop signal task.
18495496-1,18495496,1,"Rao H, Di X, Chan RC, Ding Y, Ye B, Gao D",NeuroImage,2008,A regulation role of the prefrontal cortex in the fist-edge-palm task: evidence from functional connectivity analysis.
18501457-1,18501457,1,"Hashimoto R, Moriguchi Y, Yamashita F, Mori T, Nemoto K, Okada T, Hori H, Noguchi H, Kunugi H, Ohnishi T",Neuroscience research,2008,Dose-dependent effect of the Val66Met polymorphism of the brain-derived neurotrophic factor gene on memory-related hippocampal activity.
18514745-1,18514745,1,"Kaiser S, Walther S, Nennig E, Kronmuller K, Mundt C, Weisbrod M, Stippich C, Vogeley K",Neuropsychologia,2008,Gender-specific strategy use and neural correlates in a spatial perspective taking task.
18554874-1,18554874,1,"Schlagenhauf F, Wustenberg T, Schmack K, Dinges M, Wrase J, Koslowski M, Kienast T, Bauer M, Gallinat J, Juckel G, Heinz A",European neuropsychopharmacology : the journal of the European College of Neuropsychopharmacology,2008,Switching schizophrenia patients from typical neuroleptics to olanzapine: effects on BOLD response during attention and working memory.
18620789-1,18620789,1,"Vuontela V, Steenari MR, Aronen ET, Korvenoja A, Aronen HJ, Carlson S",Brain and cognition,2009,Brain activation and deactivation during location and color working memory tasks  in 11-13-year-old children.
18634891-1,18634891,1,"Emery L, Heaven TJ, Paxton JL, Braver TS",NeuroImage,2008,Age-related changes in neural activity during performance matched working memory  manipulation.
18635342-1,18635342,1,"Buchheim A, Erk S, George C, Kachele H, Kircher T, Martius P, Pokorny D, Ruchsow M, Spitzer M, Walter H",Psychiatry research,2008,Neural correlates of attachment trauma in borderline personality disorder: a functional magnetic resonance imaging study.
18702586-1,18702586,1,"Milivojevic B, Hamm JP, Corballis MC",Journal of cognitive neuroscience,2009,Functional neuroanatomy of mental rotation.
18790618-1,18790618,1,"Bonner-Jackson A, Yodkovik N, Csernansky JG, Barch DM",Psychiatry research,2008,Episodic memory in schizophrenia: the influence of strategy use on behavior and brain activation.
18796430-1,18796430,1,"Bohlhalter S, Hattori N, Wheaton L, Fridman E, Shamim EA, Garraux G, Hallett M","Cerebral cortex (New York, N.Y. : 1991)",2009,Gesture subtype-dependent left lateralization of praxis planning: an event-related fMRI study.
18823235-1,18823235,1,"Sack AT, Cohen Kadosh R, Schuhmann T, Moerel M, Walsh V, Goebel R",Journal of cognitive neuroscience,2009,Optimizing functional accuracy of TMS in cognitive studies: a comparison of methods.
18823252-1,18823252,1,"Fagioli S, Macaluso E",Journal of cognitive neuroscience,2009,Attending to multiple visual streams: interactions between location-based and category-based attentional selection.
18952070-1,18952070,1,"Hsieh L, Young RA, Bowyer SM, Moran JE, Genik RJ 2nd, Green CC, Chiang YR, Yu YJ, Liao CC, Seaman S",Brain research,2009,Conversation effects on neural mechanisms underlying reaction time to visual events while viewing a driving scene: fMRI analysis and asynchrony model.
18977304-1,18977304,1,"Kalenine S, Peyrin C, Pichat C, Segebarth C, Bonthoux F, Baciu M",NeuroImage,2009,The sensory-motor specificity of taxonomic and thematic conceptual relations: a behavioral and fMRI study.
18992228-1,18992228,1,"Pessoa L, Rossi A, Japee S, Desimone R, Ungerleider LG",Brain research,2009,Attentional control during the transient updating of cue information.
19109459-1,19109459,1,"Hattori N, Shibasaki H, Wheaton L, Wu T, Matsuhashi M, Hallett M",Journal of neurophysiology,2009,Discrete parieto-frontal functional connectivity related to grasping.
19117278-1,19117278,1,"Smits M, Dippel DW, Houston GC, Wielopolski PA, Koudstaal PJ, Hunink MG, van der Lugt A",Human brain mapping,2009,Postconcussion syndrome after minor head injury: brain activation of working memory and attention.
19172631-1,19172631,1,"Sui J, Adali T, Pearlson GD, Clark VP, Calhoun VD",Human brain mapping,2009,A method for accurate group difference detection by constraining the mixing coefficients in an ICA framework.
19199412-1,19199412,1,"Weidner R, Krummenacher J, Reimann B, Muller HJ, Fink GR",Journal of cognitive neuroscience,2009,Sources of top-down control in visual search.
19199417-1,19199417,1,"Lamm C, Meltzoff AN, Decety J",Journal of cognitive neuroscience,2010,How do we empathize with someone who is not like us? A functional magnetic resonance imaging study.
19230621-1,19230621,1,"Kumari V, Das M, Taylor PJ, Barkataki I, Andrew C, Sumich A, Williams SC, Ffytche DH",Schizophrenia research,2009,Neural and behavioural responses to threat in men with a history of serious violence and schizophrenia or antisocial personality disorder.
19246473-1,19246473,1,"Schjoedt U, Stodkilde-Jorgensen H, Geertz AW, Roepstorff A",Social cognitive and affective neuroscience,2009,Highly religious participants recruit areas of social cognition in personal prayer.
19320551-1,19320551,1,"Wong YK, Gauthier I",Journal of cognitive neuroscience,2010,A multimodal neural network recruited by expertise with musical notation.
19349231-1,19349231,1,"Poser BA, Norris DG",NeuroImage,2009,Investigating the benefits of multi-echo EPI for fMRI at 7 T.
19400672-1,19400672,1,"Cappelletti M, Lee HL, Freeman ED, Price CJ",Journal of cognitive neuroscience,2010,The role of right and left parietal lobes in the conceptual processing of numbers.
19410589-1,19410589,1,"Davis N, Cannistraci CJ, Rogers BP, Gatenby JC, Fuchs LS, Anderson AW, Gore JC",Neuropsychologia,2009,Aberrant functional activation in school age children at-risk for mathematical disability: a functional imaging study of simple arithmetic skill.
19427522-1,19427522,1,"Abutalebi J, Rosa PA, Tettamanti M, Green DW, Cappa SF",Brain and language,2009,Bilingual aphasia and language control: a follow-up fMRI and intrinsic connectivity study.
19428395-1,19428395,1,"Wolynski B, Schott BH, Kanowski M, Hoffmann MB",Neuropsychologia,2009,Visuo-motor integration in humans: cortical patterns of response lateralisation and functional connectivity.
19507157-1,19507157,1,"Ge J, Gu X, Ji M, Han S",Human brain mapping,2009,Neurocognitive processes of the religious leader in Christians.
19523524-1,19523524,1,"Vingerhoets G, Acke F, Vandemaele P, Achten E",NeuroImage,2009,Tool responsive regions in the posterior parietal cortex: effect of differences in motor goal and target object during imagined transitive movements.
19656506-1,19656506,1,"Qiu J, Li H, Jou J, Liu J, Luo Y, Feng T, Wu Z, Zhang Q",Cortex; a journal devoted to the study of the nervous system and behavior,2010,"Neural correlates of the ""Aha"" experiences: evidence from an fMRI study of insight problem solving."
19675245-1,19675245,1,"Henckens MJ, Hermans EJ, Pu Z, Joels M, Fernandez G",The Journal of neuroscience : the official journal of the Society for Neuroscience,2009,Stressed memories: how acute stress affects memory formation in humans.
19702467-1,19702467,1,"Kim SY, Hopfinger JB",Journal of cognitive neuroscience,2010,Neural basis of visual distraction.
19726030-1,19726030,1,"Dichter GS, Felder JN, Petty C, Bizzell J, Ernst M, Smoski MJ",Biological psychiatry,2009,The effects of psychotherapy on neural responses to rewards in major depression.
19782696-1,19782696,1,"Straube B, Green A, Jansen A, Chatterjee A, Kircher T",Neuropsychologia,2010,"Social cues, mentalizing and the neural processing of speech accompanied by gestures."
19789183-1,19789183,1,"Grady CL, Protzner AB, Kovacevic N, Strother SC, Afshin-Pour B, Wojtowicz M, Anderson JA, Churchill N, McIntosh AR","Cerebral cortex (New York, N.Y. : 1991)",2010,A multivariate analysis of age-related differences in default mode and task-positive networks across multiple cognitive domains.
19796692-1,19796692,1,"Bergfield KL, Hanson KD, Chen K, Teipel SJ, Hampel H, Rapoport SI, Moeller JR, Alexander GE",NeuroImage,2010,Age-related networks of regional covariance in MRI gray matter: reproducible multivariate patterns in healthy aging.
19912333-1,19912333,1,"Arzy S, Collette S, Ionta S, Fornari E, Blanke O",The European journal of neuroscience,2009,Subjective mental time: the functional architecture of projecting the self to past and future.
19913101-1,19913101,1,"Fitzgerald KD, Perkins SC, Angstadt M, Johnson T, Stern ER, Welsh RC, Taylor SF",NeuroImage,2010,The development of performance-monitoring function in the posterior medial frontal cortex.
19925182-1,19925182,1,"Powell LJ, Macrae CN, Cloutier J, Metcalfe J, Mitchell JP",Journal of cognitive neuroscience,2010,Dissociable neural substrates for agentic versus conceptual representations of self.
19932754-1,19932754,1,"Takahama S, Miyauchi S, Saiki J",NeuroImage,2010,Neural basis for dynamic updating of object representation in visual working memory.
20008375-1,20008375,1,"Lombardo MV, Chakrabarti B, Bullmore ET, Sadek SA, Pasco G, Wheelwright SJ, Suckling J, Baron-Cohen S",Brain : a journal of neurology,2010,Atypical neural self-representation in autism.
20011541-1,20011541,1,"de Graaf TA, Jacobs C, Roebroeck A, Sack AT",PloS one,2009,FMRI effective connectivity and TMS chronometry: complementary accounts of causality in the visuospatial judgment network.
20079444-1,20079444,1,"Crespo-Garcia M, Cantero JL, Pomyalov A, Boccaletti S, Atienza M",NeuroImage,2010,Functional neural networks underlying semantic encoding of associative memories.
20079855-1,20079855,1,"Rieckmann A, Fischer H, Backman L",NeuroImage,2010,Activation in striatum and medial temporal lobe during sequence learning in younger and older adults: relations to performance.
20100583-1,20100583,1,"Roggeman C, Fias W, Verguts T",NeuroImage,2010,Salience maps in parietal cortex: imaging and computational modeling.
20105435-1,20105435,1,"Hartstra E, Oldenburg JF, Van Leijenhorst L, Rombouts SA, Crone EA",Neuropsychologia,2010,Brain regions involved in the learning and application of reward rules in a two-deck gambling task.
20123030-1,20123030,1,"Hedden T, Gabrieli JD",NeuroImage,2010,"Shared and selective neural correlates of inhibition, facilitation, and shifting  processes during executive control."
20139116-1,20139116,1,"Gutchess AH, Hedden T, Ketay S, Aron A, Gabrieli JD",Social cognitive and affective neuroscience,2010,Neural differences in the processing of semantic relationships across cultures.
20188768-1,20188768,1,"Gazes Y, Rakitin BC, Steffener J, Habeck C, Butterfield B, Ghez C, Stern Y",Behavioural brain research,2010,Performance degradation and altered cerebral activation during dual performance:  evidence for a bottom-up attentional system.
20227857-1,20227857,1,"Townsend J, Bookheimer SY, Foland-Ross LC, Sugar CA, Altshuler LL",Psychiatry research,2010,"fMRI abnormalities in dorsolateral prefrontal cortex during a working memory task in manic, euthymic and depressed bipolar subjects."
20300627-1,20300627,1,"Tibber M, Saygin AP, Grant S, Melmoth D, Rees G, Morgan M",PloS one,2010,The neural correlates of visuospatial perceptual and oculomotor extrapolation.
20300635-1,20300635,1,"Badzakova-Trajkov G, Haberling IS, Roberts RP, Corballis MC",PloS one,2010,Cerebral asymmetries: complementary and independent processes.
20350171-1,20350171,1,"Sugiura M, Mano Y, Sasaki A, Sadato N",Journal of cognitive neuroscience,2011,Beyond the memory mechanism: person-selective and nonselective processes in recognition of personally familiar faces.
20483908-1,20483908,1,"Hampshire A, Thompson R, Duncan J, Owen AM","Cerebral cortex (New York, N.Y. : 1991)",2011,Lateral prefrontal cortex subregions make dissociable contributions during fluid  reasoning.
20493234-1,20493234,1,"Thomason ME, Henry ML, Paul Hamilton J, Joormann J, Pine DS, Ernst M, Goldman D, Mogg K, Bradley BP, Britton JC, Lindstrom KM, Monk CS, Sankin LS, Louro HM, Gotlib IH",Biological psychology,2010,Neural and behavioral responses to threatening emotion faces in children as a function of the short allele of the serotonin transporter gene.
20505108-1,20505108,1,"Brown TI, Ross RS, Keller JB, Hasselmo ME, Stern CE",The Journal of neuroscience : the official journal of the Society for Neuroscience,2010,Which way was I going? Contextual retrieval supports the disambiguation of well learned overlapping navigational routes.
20505110-1,20505110,1,"Noppeney U, Ostwald D, Werner S",The Journal of neuroscience : the official journal of the Society for Neuroscience,2010,Perceptual decisions formed by accumulation of audiovisual evidence in prefrontal cortex.
20562319-1,20562319,1,"Gotts SJ, Milleville SC, Bellgowan PS, Martin A","Cerebral cortex (New York, N.Y. : 1991)",2011,Broad and narrow conceptual tuning in the human frontal lobes.
20621555-1,20621555,1,"Liang P, Liu Y, Jia X, Duan Y, Yu C, Qin W, Dong H, Ye J, Li K",Clinical neurophysiology : official journal of the International Federation of Clinical Neurophysiology,2011,Regional homogeneity changes in patients with neuromyelitis optica revealed by resting-state functional MRI.
20654634-1,20654634,1,"Akyurek EG, Vallines I, Lin EJ, Schubo A",Neuropsychologia,2010,Distraction and target selection in the brain: an fMRI study.
20669167-1,20669167,1,"Simoes-Franklin C, Whitaker TA, Newell FN",Human brain mapping,2011,Active and passive touch differentially activate somatosensory cortex in texture  perception.
20692350-1,20692350,1,"Katsuyama N, Usui N, Nose I, Taira M",NeuroImage,2011,Perception of object motion in three-dimensional space induced by cast shadows.
20797401-1,20797401,1,"Holdstock JS, Crane J, Bachorowski JA, Milner B",Neuropsychologia,2010,Equivalent activation of the hippocampus by face-face and face-laugh paired associate learning and recognition.
20811624-1,20811624,1,"Lee TM, Lee TM, Raine A, Chan CC",PloS one,2010,Lying about the valence of affective pictures: an fMRI study.
20833698-1,20833698,1,"Kell CA, Morillon B, Kouneiher F, Giraud AL","Cerebral cortex (New York, N.Y. : 1991)",2011,Lateralization of speech production starts in sensory cortices--a possible sensory origin of cerebral left dominance for speech.
20888628-1,20888628,1,"Rota G, Handjaras G, Sitaram R, Birbaumer N, Dogil G",Brain and language,2011,Reorganization of functional and effective connectivity during real-time fMRI-BCI modulation of prosody processing.
20932921-1,20932921,1,"Luijten M, Veltman DJ, van den Brink W, Hester R, Field M, Smits M, Franken IH",NeuroImage,2011,Neurobiological substrate of smoking-related attentional bias.
20946958-1,20946958,1,"Arsalidou M, Taylor MJ",NeuroImage,2011,Is 2+2=4? Meta-analyses of brain areas needed for numbers and calculations.
21073958-1,21073958,1,"Andres M, Pelgrims B, Michaux N, Olivier E, Pesenti M",NeuroImage,2011,Role of distinct parietal areas in arithmetic: an fMRI-guided TMS study.
21120137-1,21120137,1,"Kelley TA, Yantis S",Frontiers in human neuroscience,2010,Neural correlates of learning to attend.
21130531-1,21130531,1,"Piefke M, Onur OA, Fink GR",Neurobiology of aging,2012,Aging-related changes of neural mechanisms underlying visual-spatial working memory.
21192959-1,21192959,1,"Wilson-Mendenhall CD, Barrett LF, Simmons WK, Barsalou LW",Neuropsychologia,2011,Grounding emotion in situated conceptualization.
21254799-1,21254799,1,"Yusa N, Koizumi M, Kim J, Kimura N, Uchida S, Yokoyama S, Miura N, Kawashima R, Hagiwara H",Journal of cognitive neuroscience,2011,Second-language instinct and instruction effects: nature and nurture in second-language acquisition.
21254806-1,21254806,1,"Chen CH, Zeki S",Journal of cognitive neuroscience,2011,Frontoparietal activation distinguishes face and space from artifact concepts.
21334351-1,21334351,1,"Hinvest NS, Elliott R, McKie S, Anderson IM",Neuropsychologia,2011,Neural correlates of choice behavior related to impulsivity and venturesomeness.
21382353-1,21382353,1,"Wu D, Loke IC, Xu F, Lee K",Brain research,2011,Neural correlates of evaluations of lying and truth-telling in different social contexts.
21396456-1,21396456,1,"Li R, Chen K, Fleisher AS, Reiman EM, Yao L, Wu X",NeuroImage,2011,Large-scale directional connections among multi resting-state neural networks in  human brain: a functional MRI and Bayesian network modeling study.
21419144-1,21419144,1,"Wadsworth HM, Kana RK",Neuropsychologia,2011,Brain mechanisms of perceiving tools and imagining tool use acts: a functional MRI study.
21430161-1,21430161,1,"Viard A, Doeller CF, Hartley T, Bird CM, Burgess N",The Journal of neuroscience : the official journal of the Society for Neuroscience,2011,Anterior hippocampus and goal-directed spatial decision making.
21492980-1,21492980,1,"Mercadillo RE, Diaz JL, Pasaye EH, Barrios FA",Brain and cognition,2011,Perception of suffering and compassion experience: brain gender disparities.
21527785-1,21527785,1,"Langner R, Kellermann T, Boers F, Sturm W, Willmes K, Eickhoff SB","Cerebral cortex (New York, N.Y. : 1991)",2011,"Modality-specific perceptual expectations selectively modulate baseline activity  in auditory, somatosensory, and visual cortices."
21530556-1,21530556,1,"Hampstead BM, Stringer AY, Stilla RF, Amaraneni A, Sathian K",Neuropsychologia,2011,Where did I put that? Patients with amnestic mild cognitive impairment demonstrate widespread reductions in activity during the encoding of ecologically relevant object-location associations.
21575727-1,21575727,1,"Sathian K, Lacey S, Stilla R, Gibson GO, Deshpande G, Hu X, Laconte S, Glielmi C",NeuroImage,2011,Dual pathways for haptic and visual perception of spatial and texture information.
21671743-1,21671743,1,"St-Laurent M, Abdi H, Burianova H, Grady CL",Journal of cognitive neuroscience,2011,"Influence of aging on the neural correlates of autobiographical, episodic, and semantic memory retrieval."
21690259-1,21690259,1,"Vogel AC, Miezin FM, Petersen SE, Schlaggar BL","Cerebral cortex (New York, N.Y. : 1991)",2012,The putative visual word form area is functionally connected to the dorsal attention network.
21739528-1,21739528,1,"Makuuchi M, Someya Y, Ogawa S, Takayama Y",Human brain mapping,2012,Hand shape selection in pantomimed grasping: interaction between the dorsal and the ventral visual streams and convergence on the ventral premotor area.
21741484-1,21741484,1,"Moss J, Schunn CD, Schneider W, McNamara DS, Vanlehn K",NeuroImage,2011,The neural correlates of strategic reading comprehension: cognitive control and discourse comprehension.
21784971-1,21784971,1,"Rudie JD, Shehzad Z, Hernandez LM, Colich NL, Bookheimer SY, Iacoboni M, Dapretto M","Cerebral cortex (New York, N.Y. : 1991)",2012,Reduced functional integration and segregation of distributed neural systems underlying social and emotional information processing in autism spectrum disorders.
21803163-1,21803163,1,"Berman BD, Horovitz SG, Venkataraman G, Hallett M",NeuroImage,2012,Self-modulation of primary motor cortex activity with motor and motor imagery tasks using real-time fMRI-based neurofeedback.
21813210-1,21813210,1,"Agosta F, Pievani M, Geroldi C, Copetti M, Frisoni GB, Filippi M",Neurobiology of aging,2012,Resting state fMRI in Alzheimer's disease: beyond the default mode network.
21840405-1,21840405,1,"Scheidt RA, Zimbelman JL, Salowitz NM, Suminski AJ, Mosier KM, Houk J, Simo L",NeuroImage,2012,Remembering forward: neural correlates of memory and prediction in human motor adaptation.
21861674-1,21861674,1,"Kranjec A, Cardillo ER, Schmidt GL, Lehet M, Chatterjee A",Journal of cognitive neuroscience,2012,"Deconstructing events: the neural bases for space, time, and causality."
21898674-1,21898674,1,"Hulst HE, Schoonheim MM, Roosendaal SD, Popescu V, Schweren LJ, van der Werf YD, Visser LH, Polman CH, Barkhof F, Geurts JJ",Human brain mapping,2012,Functional adaptive changes within the hippocampal memory system of patients with multiple sclerosis.
21907811-1,21907811,1,"Stoodley CJ, Valera EM, Schmahmann JD",NeuroImage,2012,Functional topography of the cerebellum for motor and cognitive tasks: an fMRI study.
21942763-1,21942763,1,"Rodriguez V, Thompson R, Stokes M, Brett M, Alvarez I, Valdes-Sosa M, Duncan J",Journal of cognitive neuroscience,2012,Absence of face-specific cortical activity in the complete absence of awareness:  converging evidence from functional magnetic resonance imaging and event-related  potentials.
21962945-1,21962945,1,"Grossman M, Gross RG, Moore P, Dreyfuss M, McMillan CT, Cook PA, Ash S, Siderowf A",Brain and language,2012,Difficulty processing temporary syntactic ambiguities in Lewy body spectrum disorder.
21976356-1,21976356,1,"Benoit RG, Gilbert SJ, Frith CD, Burgess PW","Cerebral cortex (New York, N.Y. : 1991)",2012,Rostral prefrontal cortex and the focus of attention in prospective memory.
22006991-1,22006991,1,"Gillath O, Canterberry M",Social cognitive and affective neuroscience,2012,Neural correlates of exposure to subliminal and supraliminal sexual cues.
22079451-1,22079451,1,"Oikawa H, Sugiura M, Sekiguchi A, Tsukiura T, Miyauchi CM, Hashimoto T, Takano-Yamamoto T, Kawashima R",NeuroImage,2012,Self-face evaluation and self-esteem in young females: an fMRI study using contrast effect.
22109998-1,22109998,1,"Neely KA, Coombes SA, Planetta PJ, Vaillancourt DE",Human brain mapping,2013,Segregated and overlapping neural circuits exist for the production of static and dynamic precision grip force.
22121344-1,22121344,1,"Di Dio C, Canessa N, Cappa SF, Rizzolatti G",Frontiers in human neuroscience,2011,Specificity of esthetic experience for artworks: an FMRI study.
22155028-1,22155028,1,"van Soelen IL, Brouwer RM, van Baal GC, Schnack HG, Peper JS, Collins DL, Evans AC, Kahn RS, Boomsma DI, Hulshoff Pol HE",NeuroImage,2012,Genetic influences on thinning of the cerebral cortex during development.
22235035-1,22235035,1,"Vogel AC, Petersen SE, Schlaggar BL","Cerebral cortex (New York, N.Y. : 1991)",2012,The left occipitotemporal cortex does not show preferential activity for words.
22270353-1,22270353,1,"Cameron IG, Pari G, Alahyane N, Brien DC, Coe BC, Stroman PW, Munoz DP",NeuroImage,2012,Impaired executive function signals in motor brain regions in Parkinson's disease.
22285025-1,22285025,1,"Peyrin C, Lallier M, Demonet JF, Pernet C, Baciu M, Le Bas JF, Valdois S",Brain and language,2012,Neural dissociation of phonological and visual attention span disorders in developmental dyslexia: FMRI evidence from two case reports.
22302817-1,22302817,1,"Neely MN, Walter E, Black JM, Reiss AL",The Journal of neuroscience : the official journal of the Society for Neuroscience,2012,Neural correlates of humor detection and appreciation in children.
22304628-1,22304628,1,"Martinu K, Degroot C, Madjar C, Strafella AP, Monchi O",The European journal of neuroscience,2012,Levodopa influences striatal activity but does not affect cortical hyper-activity in Parkinson's disease.
22325095-1,22325095,1,"Duerden EG, Tannock R, Dockstader C",Brain research,2012,Altered cortical morphology in sensorimotor processing regions in adolescents and adults with attention-deficit/hyperactivity disorder.
22363406-1,22363406,1,"Villarreal MF, Fridman EA, Leiguarda RC",PloS one,2012,The effect of the visual context in the recognition of symbolic gestures.
22378588-1,22378588,1,"Cao F, Vu M, Chan DH, Lawrence JM, Harris LN, Guan Q, Xu Y, Perfetti CA",Human brain mapping,2013,Writing affects the brain network of reading in Chinese: a functional magnetic resonance imaging study.
22398396-1,22398396,1,"Julian JB, Fedorenko E, Webster J, Kanwisher N",NeuroImage,2012,An algorithmic method for functionally defining regions of interest in the ventral visual pathway.
22433287-1,22433287,1,"Crescentini C, Seyed-Allaei S, Vallesi A, Shallice T",Neuropsychologia,2012,Two networks involved in producing and realizing plans.
22438242-1,22438242,1,"Delmaire C, Dumas EM, Sharman MA, van den Bogaard SJ, Valabregue R, Jauffret C, Justo D, Reilmann R, Stout JC, Craufurd D, Tabrizi SJ, Roos RA, Durr A, Lehericy S",Human brain mapping,2013,The structural correlates of functional deficits in early huntington's disease.
22438291-1,22438291,1,"Ter Minassian A, Ricalens E, Humbert S, Duc F, Aube C, Beydon L",Human brain mapping,2013,Dissociating anticipation from perception: Acute pain activates default mode network.
22465842-1,22465842,1,"Ohta H, Yamada T, Watanabe H, Kanai C, Tanaka E, Ohno T, Takayama Y, Iwanami A, Kato N, Hashimoto R",NeuroImage,2012,An fMRI study of reduced perceptual load-dependent modulation of task-irrelevant  activity in adults with autism spectrum conditions.
22484305-1,22484305,1,"Bergmann HC, Rijpkema M, Fernandez G, Kessels RP",NeuroImage,2012,Distinct neural correlates of associative working memory and long-term memory encoding in the medial temporal lobe.
22521479-1,22521479,1,"Maruyama M, Pallier C, Jobert A, Sigman M, Dehaene S",NeuroImage,2012,The cortical representation of simple mathematical expressions.
22541365-1,22541365,1,"Chen HJ, Zhu XQ, Jiao Y, Li PC, Wang Y, Teng GJ",Journal of the neurological sciences,2012,Abnormal baseline brain activity in low-grade hepatic encephalopathy: a resting-state fMRI study.
22571931-1,22571931,1,"Mizuno K, Tanaka M, Tanabe HC, Sadato N, Watanabe Y",Neuropsychologia,2012,The neural substrates associated with attentional resources and difficulty of concurrent processing of the two verbal tasks.
22575794-1,22575794,1,"Gullick MM, Wolford G, Temple E",NeuroImage,2012,Understanding less than nothing: neural distance effects for negative numbers.
22581848-1,22581848,1,"Costa A, Riedel M, Pogarell O, Menzel-Zelnitschek F, Schwarz M, Reiser M, Moller HJ, Rubia K, Meindl T, Ettinger U","Cerebral cortex (New York, N.Y. : 1991)",2013,Methylphenidate effects on neural activity during response inhibition in healthy  humans.
22609273-1,22609273,1,"Schaer K, Jahn G, Lotze M",Behavioural brain research,2012,fMRI-activation during drawing a naturalistic or sketchy portrait.
22634854-1,22634854,1,"Andres M, Michaux N, Pesenti M",NeuroImage,2012,Common substrate for mental arithmetic and finger representation in the parietal  cortex.
22693600-1,22693600,1,"Gebauer D, Fink A, Kargl R, Reishofer G, Koschutnig K, Purgstaller C, Fazekas F, Enzinger C",PloS one,2012,Differences in brain function and changes with intervention in children with poor spelling and reading abilities.
22711287-1,22711287,1,"Bray S, Hoeft F, Hong DS, Reiss AL",Human brain mapping,2013,Aberrant functional network recruitment of posterior parietal cortex in Turner syndrome.
22743002-1,22743002,1,"Schlund MW, Magee S, Hudgins CD",Behavioural brain research,2012,Dynamic brain mapping of behavior change: tracking response initiation and inhibition to changes in reinforcement rate.
22768085-1,22768085,1,"Tamura M, Moriguchi Y, Higuchi S, Hida A, Enomoto M, Umezawa J, Mishima K",PloS one,2012,Neural network development in late adolescents during observation of risk-taking  action.
22813951-1,22813951,1,"Ho SS, Gonzalez RD, Abelson JL, Liberzon I",NeuroImage,2012,Neurocircuits underlying cognition-emotion interaction in a social decision making context.
22815523-1,22815523,1,"Stice E, Yokum S, Burger K, Epstein L, Smolen A",The Journal of neuroscience : the official journal of the Society for Neuroscience,2012,Multilocus genetic composite reflecting dopamine signaling capacity predicts reward circuitry responsivity.
22841389-1,22841389,1,"Clement F, Gauthier S, Belleville S",Cortex; a journal devoted to the study of the nervous system and behavior,2013,Executive functions in mild cognitive impairment: emergence and breakdown of neural plasticity.
22844462-1,22844462,1,"Kodaka F, Takahashi H, Yamada M, Takano H, Nakayama K, Ito H, Suhara T",PloS one,2012,Effect of cooperation level of group on punishment for non-cooperators: a functional magnetic resonance imaging study.
22937153-1,22937153,1,"Huang S, Belliveau JW, Tengshe C, Ahveninen J",PloS one,2012,Brain networks of novelty-driven involuntary and cued voluntary auditory attention shifting.
22985694-1,22985694,1,"Jamadar S, O'Neil KM, Pearlson GD, Ansari M, Gill A, Jagannathan K, Assaf M",Biological psychiatry,2013,Impairment in semantic retrieval is associated with symptoms in schizophrenia but not bipolar disorder.
22993265-1,22993265,1,"Sehm B, Schafer A, Kipping J, Margulies D, Conde V, Taubert M, Villringer A, Ragert P",Journal of neurophysiology,2012,Dynamic modulation of intrinsic functional connectivity by transcranial direct current stimulation.
23022108-1,23022108,1,"Cross ES, Cohen NR, Hamilton AF, Ramsey R, Wolford G, Grafton ST",Neuropsychologia,2012,Physical experience leads to enhanced object perception in parietal cortex: insights from knot tying.
23055489-1,23055489,1,"Chowdhury R, Guitart-Masip M, Bunzeck N, Dolan RJ, Duzel E",The Journal of neuroscience : the official journal of the Society for Neuroscience,2012,Dopamine modulates episodic memory persistence in old age.
23079572-1,23079572,1,"Witt ST, Stevens MC",NeuroImage,2013,fMRI task parameters influence hemodynamic activity in regions implicated in mental set switching.
23102512-1,23102512,1,"Ballesteros S, Bischof GN, Goh JO, Park DC",Neurobiology of aging,2013,Neural correlates of conceptual object priming in young and older adults: an event-related functional magnetic resonance imaging study.
23284730-1,23284730,1,"Dixon ML, Christoff K",PloS one,2012,The decision to engage cognitive control is driven by expected reward-value: neural and behavioral evidence.
23298748-1,23298748,1,"Thornton MA, Conway AR",NeuroImage,2013,Working memory for social information: chunking or domain-specific buffer?
23333840-1,23333840,1,"Liu K, Sun G, Li B, Jiang Q, Yang X, Li M, Li L, Qian S, Zhao L, Zhou Z, von Deneen KM, Liu Y",Behavioural brain research,2013,The impact of passive hyperthermia on human attention networks: an fMRI study.
23363414-1,23363414,1,"Olsen A, Ferenc Brunner J, Evensen KA, Garzon B, Landro NI, Haberg AK",Journal of cognitive neuroscience,2013,The functional topography and temporal dynamics of overlapping and distinct brain activations for adaptive task control and stable task-set maintenance during performance of an fMRI-adapted clinical c
23376475-1,23376475,1,"Veroude K, Jolles J, Croiset G, Krabbendam L",Developmental cognitive neuroscience,2013,Changes in neural mechanisms of cognitive control during the transition from late adolescence to young adulthood.
23403412-1,23403412,1,"Jamadar SD, Pearlson GD, O'Neil KM, Assaf M",Schizophrenia research,2013,Semantic association fMRI impairments represent a potential schizophrenia biomarker.
23457592-1,23457592,1,"Nakagawa S, Sugiura M, Akitsuki Y, Hosseini SM, Kotozaki Y, Miyauchi CM, Yomogida Y, Yokoyama R, Takeuchi H, Kawashima R",PloS one,2013,Compensatory effort parallels midbrain deactivation during mental fatigue: an fMRI study.
23508477-1,23508477,1,"Kedia G, Mussweiler T, Mullins P, Linden DE",Social cognitive and affective neuroscience,2014,The neural correlates of beauty comparison.
23517908-1,23517908,1,"Mullett TL, Tunney RJ",Brain and cognition,2013,Value representations by rank order in a distributed network of varying context dependency.
23530897-1,23530897,1,"Sakaki M, Nga L, Mather M",Journal of cognitive neuroscience,2013,Amygdala functional connectivity with medial prefrontal cortex at rest predicts the positivity effect in older adults' memory.
23535179-1,23535179,1,"He L, Zuo Z, Chen L, Humphreys G","Cerebral cortex (New York, N.Y. : 1991)",2013,"Effects of Number Magnitude and Notation at 7T: Separating the Neural Response to Small and Large, Symbolic and Nonsymbolic Number."
23553546-1,23553546,1,"Freton M, Lemogne C, Bergouignan L, Delaveau P, Lehericy S, Fossati P",Brain structure & function,2014,The eye of the self: precuneus volume and visual perspective during autobiographical memory retrieval.
23600977-1,23600977,1,"Castaldi E, Frijia F, Montanaro D, Tosetti M, Morrone MC",The European journal of neuroscience,2013,BOLD human responses to chromatic spatial features.
23644182-1,23644182,1,"Kuchinke L, Fritzemeier S, Hofmann MJ, Jacobs AM",Behavioural brain research,2013,Neural correlates of episodic memory: associative memory and confidence drive hippocampus activations.
23675314-1,23675314,1,"Alikhanian H, Crawford JD, Desouza JF, Cheyne DO, Blohm G",Frontiers in neuroscience,2013,Adaptive cluster analysis approach for functional localization using magnetoencephalography.
23684860-1,23684860,1,"Wright ND, Symmonds M, Dolan RJ",NeuroImage,2013,Distinct encoding of risk and value in economic choice between multiple risky options.
23740868-1,23740868,1,"Di Cesare G, Di Dio C, Rochat MJ, Sinigaglia C, Bruschweiler-Stern N, Stern DN, Rizzolatti G",Social cognitive and affective neuroscience,2013,"The neural correlates of 'vitality form' recognition: an fMRI study: This work is dedicated to Daniel Stern, whose immeasurable contribution to science has inspired our research."
23747332-1,23747332,1,"Emmorey K, Weisberg J, McCullough S, Petrich JA",Brain and language,2013,Mapping the reading circuitry for skilled deaf readers: an fMRI study of semantic and phonological processing.
23798325-1,23798325,1,"Cai W, Cannistraci CJ, Gore JC, Leung HC",Human brain mapping,2014,Sensorimotor-independent prefrontal activity during response inhibition.
23939020-1,23939020,1,"Salami A, Rieckmann A, Fischer H, Backman L",NeuroImage,2014,A multivariate analysis of age-related differences in functional networks supporting conflict resolution.
23947986-1,23947986,1,"Hu S, Jin H, Chen Z, Mo L, Liu J",Cortex; a journal devoted to the study of the nervous system and behavior,2013,Failure in developing high-level visual functions after occipitoparietal lesions  at an early age: a case study.
23967180-1,23967180,1,"Nielsen JA, Zielinski BA, Ferguson MA, Lainhart JE, Anderson JS",PloS one,2013,An evaluation of the left-brain vs. right-brain hypothesis with resting state functional connectivity magnetic resonance imaging.
23978654-1,23978654,1,"Li Y, Long J, Huang B, Yu T, Wu W, Liu Y, Liang C, Sun P","Cerebral cortex (New York, N.Y. : 1991)",2013,Crossmodal Integration Enhances Neural Representation of Task-Relevant Features in Audiovisual Face Perception.
24016745-1,24016745,1,"Vander Wyk BC, Hoffman F, Pelphrey KA",Developmental cognitive neuroscience,2014,Equivalent neural responses in children and adolescents with and without autism during judgments of affect.
24058456-1,24058456,1,"Rodriguez-Pujadas A, Sanjuan A, Ventura-Campos N, Roman P, Martin C, Barcelo F, Costa A, Avila C",PloS one,2013,Bilinguals use language-control brain areas more than monolinguals to perform non-linguistic switching tasks.
24080400-1,24080400,1,"Li Y, Hu Y, Zhao M, Wang Y, Huang J, Chen F",Brain research,2013,The neural pathway underlying a numerical working memory task in abacus-trained children and associated functional connectivity in the resting brain.
24129199-1,24129199,1,"Li Y, Yang J, Suzanne Scherf K, Li P",Brain and language,2013,"Two faces, two languages: an fMRI study of bilingual picture naming."
24155318-1,24155318,1,"Burzynska AZ, Garrett DD, Preuschhof C, Nagel IE, Li SC, Backman L, Heekeren HR, Lindenberger U",The Journal of neuroscience : the official journal of the Society for Neuroscience,2013,A scaffold for efficiency in the human brain.
24185022-1,24185022,1,"Varnum ME, Shi Z, Chen A, Qiu J, Han S",NeuroImage,2014,"When ""Your"" reward is the same as ""My"" reward: self-construal priming shifts neural responses to own vs. friends' rewards."
24231554-1,24231554,1,"Pletzer B, Kronbichler M, Nuerk HC, Kerschbaum H",Brain research,2014,Hormonal contraceptives masculinize brain activation patterns in the absence of behavioral changes in two numerical tasks.
24259585-1,24259585,1,"Xu P, Gu R, Broster LS, Wu R, Van Dam NT, Jiang Y, Fan J, Luo YJ",The Journal of neuroscience : the official journal of the Society for Neuroscience,2013,Neural basis of emotional decision making in trait anxiety.
24266008-1,24266008,1,"Cappelletti M, Price CJ",NeuroImage. Clinical,2014,Residual number processing in dyscalculia.
24269272-1,24269272,1,"Liu Q, Dong Q, Chen C, Xue G",NeuroImage,2014,Neural processes during encoding support durable memory.
24305826-1,24305826,1,"Sherrill KR, Erdem UM, Ross RS, Brown TI, Hasselmo ME, Stern CE",The Journal of neuroscience : the official journal of the Society for Neuroscience,2013,Hippocampus and retrosplenial cortex combine path integration signals for successful navigation.
24361661-1,24361661,1,"Rahm B, Kaiser J, Unterrainer JM, Simon J, Bledowski C",NeuroImage,2014,fMRI characterization of visual working memory recognition.
24396008-1,24396008,1,"Bruck C, Kreifelts B, Gossling-Arnold C, Wertheimer J, Wildgruber D",Social cognitive and affective neuroscience,2014,'Inner voices': the cerebral representation of emotional voice cues described in  literary texts.
24399958-1,24399958,1,"Pinabiaux C, Hertz-Pannier L, Chiron C, Rodrigo S, Jambaque I, Noulhiane M",Frontiers in human neuroscience,2013,Memory for fearful faces across development: specialization of amygdala nuclei and medial temporal lobe structures.
24408441-1,24408441,1,"Gathmann B, Schulte FP, Maderwald S, Pawlikowski M, Starcke K, Schafer LC, Scholer T, Wolf OT, Brand M",Experimental brain research,2014,"Stress and decision making: neural correlates of the interaction between stress,  executive functions, and decision making under risk."
24464941-1,24464941,1,"Misra G, Coombes SA","Cerebral cortex (New York, N.Y. : 1991)",2014,Neuroimaging Evidence of Motor Control and Pain Processing in the Human Midcingulate Cortex.
24473095-1,24473095,1,"Geerligs L, Saliasi E, Maurits NM, Renken RJ, Lorist MM",NeuroImage,2014,Brain mechanisms underlying the effects of aging on different aspects of selective attention.
24493844-1,24493844,1,"Gerlach KD, Spreng RN, Madore KP, Schacter DL",Social cognitive and affective neuroscience,2014,Future planning: default network activity couples with frontoparietal control network and reward-processing regions during process and outcome simulations.
24594508-1,24594508,1,"Wan MW, Downey D, Strachan H, Elliott R, Williams SR, Abel KM",PloS one,2014,The neural basis of maternal bonding.
24631396-1,24631396,1,"Meier TB, Nair VA, Meyerand ME, Birn RM, Prabhakaran V",Behavioural brain research,2014,The neural correlates of age effects on verbal-spatial binding in working memory.
24659430-1,24659430,1,"Eckstein M, Scheele D, Weber K, Stoffel-Wagner B, Maier W, Hurlemann R",Human brain mapping,2014,Oxytocin facilitates the sensation of social stress.
24662579-1,24662579,1,"Gabard-Durnam LJ, Flannery J, Goff B, Gee DG, Humphreys KL, Telzer E, Hare T, Tottenham N",NeuroImage,2014,The development of human amygdala functional connectivity at rest from 4 to 23years: A cross-sectional study.
24672018-1,24672018,1,"Shenhav A, Greene JD",The Journal of neuroscience : the official journal of the Society for Neuroscience,2014,Integrative moral judgment: dissociating the roles of the amygdala and ventromedial prefrontal cortex.
24788317-1,24788317,1,"Wang X, Fan Y, Zhao F, Wang Z, Ge J, Zhang K, Gao Z, Gao JH, Yang Y, Fan J, Zou Q, Liu P",PloS one,2014,Altered regional and circuit resting-state activity associated with unilateral hearing loss.
24813149-1,24813149,1,"Vassena E, Krebs RM, Silvetti M, Fias W, Verguts T",Neuropsychologia,2014,"Dissociating contributions of ACC and vmPFC in reward prediction, outcome, and choice."
24828652-1,24828652,1,"Sestieri C, Tosoni A, Mignogna V, McAvoy MP, Shulman GL, Corbetta M, Romani GL",The Journal of neuroscience : the official journal of the Society for Neuroscience,2014,Memory accumulation mechanisms in human cortex are independent of motor intentions.
24904992-1,24904992,1,"Taylor JS, Rastle K, Davis MH",NeuroImage,2014,Interpreting response time effects in functional imaging studies.
24966373-1,24966373,1,"Geranmayeh F, Wise RJ, Mehta A, Leech R",The Journal of neuroscience : the official journal of the Society for Neuroscience,2014,Overlapping networks engaged during spoken language production and its cognitive  control.
24982629-1,24982629,1,"Pariyadath V, Stein EA, Ross TJ",Frontiers in human neuroscience,2014,Machine learning classification of resting state functional connectivity predicts smoking status.
25017050-1,25017050,1,"Lacey S, Stilla R, Sreenivasan K, Deshpande G, Sathian K",Neuropsychologia,2014,Spatial imagery in haptic shape perception.
25058010-1,25058010,1,"Christodoulou JA, Del Tufo SN, Lymberis J, Saxler PK, Ghosh SS, Triantafyllou C, Whitfield-Gabrieli S, Gabrieli JD",PloS one,2014,Brain bases of reading fluency in typical reading and impaired fluency in dyslexia.
25119565-1,25119565,1,"Griebe M, Amann M, Hirsch JG, Achtnichts L, Hennerici MG, Gass A, Szabo K",PloS one,2014,Reduced functional reserve in patients with age-related white matter changes: a preliminary FMRI study of working memory.
25158155-1,25158155,1,"Behan B, Stone A, Garavan H",Human brain mapping,2015,Right prefrontal and ventral striatum interactions underlying impulsive choice and impulsive responding.
25161824-1,25161824,1,"Acevedo BP, Aron EN, Aron A, Sangster MD, Collins N, Brown LL",Brain and behavior,2014,The highly sensitive brain: an fMRI study of sensory processing sensitivity and response to others' emotions.
25173413-1,25173413,1,"Herweg NA, Weber B, Kasparbauer A, Meyhofer I, Steffens M, Smyrnis N, Ettinger U",NeuroImage,2014,Functional magnetic resonance imaging of sensorimotor transformations in saccades and antisaccades.
25212851-1,25212851,1,"Habak C, Noreau A, Nagano-Saito A, Mejia-Constain B, Degroot C, Strafella AP, Chouinard S, Lafontaine AL, Rouleau GA, Monchi O",Brain : a journal of neurology,2014,Dopamine transporter SLC6A3 genotype affects cortico-striatal activity of set-shifts in Parkinson's disease.
25218099-1,25218099,1,"Boiteau TW, Bowers E, Nair VA, Almor A",Brain and language,2014,The neural representation of plural discourse entities.
25271132-1,25271132,1,"Bray S, Arnold AE, Levy RM, Iaria G",Human brain mapping,2014,Spatial and temporal functional connectivity changes between resting and attentive states.
25309380-1,25309380,1,"Benn Y, Webb TL, Chang BP, Sun YH, Wilkinson ID, Farrow TF",Frontiers in human neuroscience,2014,The neural basis of monitoring goal progress.
25355218-1,25355218,1,"Cai W, Ryali S, Chen T, Li CS, Menon V",The Journal of neuroscience : the official journal of the Society for Neuroscience,2014,"Dissociable roles of right inferior frontal cortex and anterior insula in inhibitory control: evidence from intrinsic and task-related functional parcellation, connectivity, and response profile analy"
25360099-1,25360099,1,"von Helversen B, Karlsson L, Rasch B, Rieskamp J",Frontiers in human neuroscience,2014,Neural substrates of similarity and rule-based strategies in judgment.
25389123-1,25389123,1,"Tomasi D, Wang GJ, Studentsova Y, Volkow ND","Cerebral cortex (New York, N.Y. : 1991)",2014,"Dissecting Neural Responses to Temporal Prediction, Attention, and Memory: Effects of Reward Learning and Interoception on Time Perception."
25393934-1,25393934,1,"Chechko N, Vocke S, Habel U, Toygar T, Kuckartz L, Berthold-Losleben M, Laoutidis ZG, Orfanos S, Wassenberg A, Karges W, Schneider F, Kohn N",Human brain mapping,2014,Effects of overnight fasting on working memory-related brain network: An fMRI study.
25447072-1,25447072,1,"Jia X, Liang P, Shi L, Wang D, Li K",Neuropsychologia,2015,Prefrontal and parietal activity is modulated by the rule complexity of inductive reasoning and can be predicted by a cognitive model.
25462691-1,25462691,1,"Iannaccone R, Hauser TU, Staempfli P, Walitza S, Brandeis D, Brem S",NeuroImage,2015,Conflict monitoring and error processing: new insights from simultaneous EEG-fMRI.
25499146-1,25499146,1,"Aminoff EM, Freeman S, Clewett D, Tipper C, Frithsen A, Johnson A, Grafton ST, Miller MB",Neuropsychologia,2015,Maintaining a cautious state of mind during a recognition test: A large-scale fMRI study.
25515348-1,25515348,1,"Horowitz-Kraus T, Grainger M, DiFrancesco M, Vannest J, Holland SK",Brain imaging and behavior,2015,Right is not always wrong: DTI and fMRI evidence for the reliance of reading comprehension on language-comprehension networks in the right hemisphere.
25534114-1,25534114,1,"Robinson LF, Atlas LY, Wager TD",NeuroImage,2014,Dynamic functional connectivity using state-based dynamic community structure: Method and application to opioid analgesia.
25610798-1,25610798,1,"Mathur VA, Khan SA, Keaser ML, Hubbard CS, Goyal M, Seminowicz DA",NeuroImage. Clinical,2015,Altered cognition-related brain activity and interactions with acute pain in migraine.
25613901-1,25613901,1,"Kuehn E, Mueller K, Lohmann G, Schuetz-Bosbach S",Brain structure & function,2015,Interoceptive awareness changes the posterior insula functional connectivity profile.
25632133-1,25632133,1,"Gardner T, Goulden N, Cross ES",The Journal of neuroscience : the official journal of the Society for Neuroscience,2015,Dynamic modulation of the action observation network by movement familiarity.
25659130-1,25659130,1,"Maesawa S, Bagarinao E, Fujii M, Futamura M, Motomura K, Watanabe H, Mori D, Sobue G, Wakabayashi T",PloS one,2015,Evaluation of resting state networks in patients with gliomas: connectivity changes in the unaffected side and its relation to cognitive function.
25726898-1,25726898,1,"Krieger-Redwood K, Teige C, Davey J, Hymers M, Jefferies E",Neuropsychologia,2015,Conceptual control across modalities: graded specialisation for pictures and words in inferior frontal and posterior temporal cortex.
25797834-1,25797834,1,"Huang F, Fan J, Luo J",NeuroImage,2015,The neural basis of novelty and appropriateness in processing of creative chunk decomposition.
25824980-1,25824980,1,"Beume LA, Kaller CP, Hoeren M, Kloppel S, Kuemmerer D, Glauche V, Kostering L, Mader I, Rijntjes M, Weiller C, Umarova R",Cortex; a journal devoted to the study of the nervous system and behavior,2015,Processing of bilateral versus unilateral conditions: evidence for the functional contribution of the ventral attention network.
25904779-1,25904779,1,"Murty VP, DuBrow S, Davachi L",The Journal of neuroscience : the official journal of the Society for Neuroscience,2015,The simple act of choosing influences declarative memory.
25925368-1,25925368,1,"Uchimura M, Nakano T, Morito Y, Ando H, Kitazawa S",The European journal of neuroscience,2015,Automatic representation of a visual stimulus relative to a background in the right precuneus.
26017384-1,26017384,1,"Wang X, Yang J, Yang J, Mencl WE, Shu H, Zevin JD",PloS one,2015,Language differences in the brain network for reading in naturalistic story reading and lexical decision.
26028185-1,26028185,1,"Li H, Xia T, Wang L",Neuropsychologia,2015,Neural correlates of the reverse Simon effect in the Hedge and Marsh task.
26049149-1,26049149,1,"Cojan Y, Piguet C, Vuilleumier P",NeuroImage,2015,What makes your brain suggestible? Hypnotizability is associated with differential brain activity during attention outside hypnosis.
26058605-1,26058605,1,"Humphreys GW, Chechlacz M",Journal of cognitive neuroscience,2015,A Neural Decomposition of Visual Search Using Voxel-based Morphometry.
26095674-1,26095674,1,"Vingerhoets G, Clauwaert A",Human brain mapping,2015,Functional connectivity associated with hand shape generation: Imitating novel hand postures and pantomiming tool grips challenge different nodes of a shared neural network.
26184459-1,26184459,1,"Raij TT, Mantyla T, Kieseppa T, Suvisaari J",Psychiatry research,2015,"Aberrant functioning of the putamen links delusions, antipsychotic drug dose, and compromised connectivity in first episode psychosis--Preliminary fMRI findings."
26186229-1,26186229,1,"Jung S, Halm K, Huber W, Willmes K, Klein E",Brain and language,2015,"What letters can ""learn"" from Arabic digits--fMRI-controlled single case therapy  study of peripheral agraphia."
26401811-1,26401811,1,"Kragel JE, Polyn SM",Journal of cognitive neuroscience,2016,Decoding Episodic Retrieval Processes: Frontoparietal and Medial Temporal Lobe Contributions to Free Recall.
26484047-1,26484047,1,"Yerys BE, Gordon EM, Abrams DN, Satterthwaite TD, Weinblatt R, Jankowski KF, Strang J, Kenworthy L, Gaillard WD, Vaidya CJ",NeuroImage. Clinical,2015,Default mode network segregation and social deficits in autism spectrum disorder: Evidence from non-medicated children.
26500517-1,26500517,1,"Phillips RC, Salo T, Carter CS",Frontiers in human neuroscience,2015,Distinct neural correlates for attention lapses in patients with schizophrenia and healthy participants.
26550990-1,26550990,1,"Iranpour J, Morrot G, Claise B, Jean B, Bonny JM",PloS one,2015,Using High Spatial Resolution to Improve BOLD fMRI Detection at 3T.
26584863-1,26584863,1,"Meffert H, Hwang S, Nolan ZT, Chen G, Blair JR",NeuroImage,2016,Segregating attention from response control when performing a motor inhibition task: Segregating attention from response control.
26594159-1,26594159,1,"Ebisch SJ, Bello A, Spitoni GF, Perrucci MG, Gallese V, Committeri G, Pastorelli C, Pizzamiglio L",Frontiers in behavioral neuroscience,2015,Emotional susceptibility trait modulates insula responses and functional connectivity in flavor processing.
26594619-1,26594619,1,"Mizuno K, Tanaka M, Tanabe HC, Joudoi T, Kawatani J, Shigihara Y, Tomoda A, Miike T, Imai-Matsumura K, Sadato N, Watanabe Y",NeuroImage. Clinical,2015,Less efficient and costly processes of frontal cortex in childhood chronic fatigue syndrome.
26779003-1,26779003,1,"Tomasino B, Gremese M",Frontiers in human neuroscience,2015,Effects of Stimulus Type and Strategy on Mental Rotation Network: An Activation Likelihood Estimation Meta-Analysis.
26826515-1,26826515,1,"de Borst AW, Valente G, Jaaskelainen IP, Tikka P",NeuroImage,2016,Brain-based decoding of mentally imagined film clips and sounds reveals experience-based information patterns in film professionals.
26956926-1,26956926,1,"Shen L, Zhang M, Chen Q",Neuropsychologia,2016,The Poggendorff illusion driven by real and illusory contour: Behavioral and neural mechanisms.
27046111-1,27046111,1,"Lee K, Lina JM, Gotman J, Grova C",NeuroImage,2016,SPARK: Sparsity-based analysis of reliable k-hubness and overlapping network structure in brain functional connectivity.
27064387-1,27064387,1,"Penner J, Ford KA, Taylor R, Schaefer B, Theberge J, Neufeld RW, Osuch EA, Menon RS, Rajakumar N, Allman JM, Williamson PC",Frontiers in human neuroscience,2016,Medial Prefrontal and Anterior Insular Connectivity in Early Schizophrenia and Major Depressive Disorder: A Resting Functional MRI Evaluation of Large-Scale Brain Network Models.
27091970-1,27091970,1,"Preller KH, Pokorny T, Hock A, Kraehenmann R, Stampfli P, Seifritz E, Scheidegger M, Vollenweider FX",Proceedings of the National Academy of Sciences of the United States of America,2016,Effects of serotonin 2A/1A receptor stimulation on social exclusion processing.
27117869-1,27117869,1,"van der Ven F, Takashima A, Segers E, Fernandez G, Verhoeven L",Brain research,2016,Non-symbolic and symbolic notations in simple arithmetic differentially involve intraparietal sulcus and angular gyrus activity.
27143223-1,27143223,1,"Yang J, Li P, Fang X, Shu H, Liu Y, Chen L",Neuropsychologia,2016,Hemispheric involvement in the processing of Chinese idioms: An fMRI study.
27208693-1,27208693,1,"Macdonald B, Murray L, Moutsiana C, Fearon P, Cooper PJ, Halligan SL, Johnstone T",Biological psychology,2016,Altered engagement of autobiographical memory networks in adult offspring of postnatally depressed mothers.
27233825-1,27233825,1,"Gillis MM, Garcia S, Hampstead BM",Behavioural brain research,2016,Working memory contributes to the encoding of object location associations: Support for a 3-part model of object location memory.
27313520-1,27313520,1,"Lu X, Huang J, Yi Y, Shen M, Weng X, Gao Z",Frontiers in human neuroscience,2016,Holding Biological Motion in Working Memory: An fMRI Study.
27338514-1,27338514,1,"Sailer U, Triscoli C, Haggblad G, Hamilton P, Olausson H, Croy I",NeuroImage,2016,Temporal dynamics of brain activation during 40 minutes of pleasant touch.
27421186-1,27421186,1,"Markiewicz CJ, Bohland JW",NeuroImage,2016,Mapping the cortical representation of speech sounds in a syllable repetition task.
27423254-1,27423254,1,"Cassady K, Koppelmans V, Reuter-Lorenz P, De Dios Y, Gadd N, Wood S, Castenada RR, Kofman I, Bloomberg J, Mulavara A, Seidler R",NeuroImage,2016,Effects of a spaceflight analog environment on brain connectivity and behavior.
27895564-1,27895564,1,"Xu M, Xu G, Yang Y",Frontiers in behavioral neuroscience,2016,Neural Systems Underlying Emotional and Non-emotional Interference Processing: An ALE Meta-Analysis of Functional Neuroimaging Studies.
27896064-1,27896064,1,"Boord P, Madhyastha TM, Askren MK, Grabowski TJ",NeuroImage. Clinical,2017,Executive attention networks show altered relationship with default mode network  in PD.
27916670-1,27916670,1,"Zago L, Petit L, Jobard G, Hay J, Mazoyer B, Tzourio-Mazoyer N, Karnath HO, Mellet E",Neuropsychologia,2017,Pseudoneglect in line bisection judgement is associated with a modulation of right hemispheric spatial attention dominance in right-handers.
28077311-1,28077311,1,"Hervais-Adelman A, Moser-Mercer B, Murray MM, Golestani N",Neuropsychologia,2017,Cortical thickness increases after simultaneous interpretation training.
28377158-1,28377158,1,"Siciliano RE, Madden DJ, Tallman CW, Boylan MA, Kirste I, Monge ZA, Packard LE, Potter GG, Wang L",Brain research,2017,Task difficulty modulates brain activation in the emotional oddball task.
28439014-1,28439014,1,"Meyniel F, Dehaene S",Proceedings of the National Academy of Sciences of the United States of America,2017,Brain networks for confidence weighting and hierarchical inference during probabilistic learning.
28477862-1,28477862,1,"Chun JW, Park HJ, Kim DJ, Kim E, Kim JJ",Brain research,2017,Contribution of fronto-striatal regions to emotional valence and repetition under cognitive conflict.
28483720-1,28483720,1,"Madan CR, Fujiwara E, Caplan JB, Sommer T",NeuroImage,2017,Emotional arousal impairs association-memory: Roles of amygdala and hippocampus.
28528773-1,28528773,1,"Scheller E, Peter J, Schumacher LV, Lahr J, Mader I, Kaller CP, Kloppel S",Neurobiology of aging,2017,APOE moderates compensatory recruitment of neuronal resources during working memory processing in healthy older adults.
28562207-1,28562207,1,"Magis-Weinberg L, Blakemore SJ, Dumontheil I",Journal of cognitive neuroscience,2017,Social and Nonsocial Relational Reasoning in Adolescence and Adulthood.
28774646-1,28774646,1,"Bianchi F, Hjortkjaer J, Santurette S, Zatorre RJ, Siebner HR, Dau T",NeuroImage,2017,Subcortical and cortical correlates of pitch discrimination: Evidence for two levels of neuroplasticity in musicians.
28785212-1,28785212,1,"Tarantino V, Mazzonetto I, Formica S, Causin F, Vallesi A",Frontiers in human neuroscience,2017,The Neural Bases of Event Monitoring across Domains: a Simultaneous ERP-fMRI Study.
28957344-1,28957344,1,"Floegel M, Kell CA",PloS one,2017,Functional hemispheric asymmetries during the planning and manual control of virtual avatar movements.
29114072-1,29114072,1,"Pischedda D, Gorgen K, Haynes JD, Reverberi C",The Journal of neuroscience : the official journal of the Society for Neuroscience,2017,Neural Representations of Hierarchical Rule Sets: The Human Control System Represents Rules Irrespective of the Hierarchical Level to Which They Belong.
29253658-1,29253658,1,"Grady CL, Garrett DD",NeuroImage,2018,Brain signal variability is modulated as a function of internal and external demand in younger and older adults.
29274748-1,29274748,1,"O'Halloran L, Cao Z, Ruddy K, Jollans L, Albaugh MD, Aleni A, Potter AS, Vahey N, Banaschewski T, Hohmann S, Bokde ALW, Bromberg U, Buchel C, Quinlan EB, Desrivieres S, Flor H, Frouin V, Gowland P, Heinz A, Ittermann B, Nees F, Orfanos DP, Paus T, Smolka MN, Walter H, Schumann G, Garavan H, Kelly C, Whelan R",NeuroImage,2018,Neural circuitry underlying sustained attention in healthy adolescents and in ADHD symptomatology.
29311776-1,29311776,1,"Lu J, Yang H, He H, Jeon S, Hou C, Evans AC, Yao D",Frontiers in neuroscience,2017,The Multiple-Demand System in the Novelty of Musical Improvisation: Evidence from an MRI Study on Composers.
29354041-1,29354041,1,"McCaskey U, von Aster M, Maurer U, Martin E, O'Gorman Tuura R, Kucian K",Frontiers in human neuroscience,2017,Longitudinal Brain Development of Numerical Skills in Typically Developing Children and Children with Developmental Dyscalculia.
29408479-1,29408479,1,"Zou LQ, Zhou HY, Zhuang Y, van Hartevelt TJ, Lui SSY, Cheung EFC, Moller A, Kringelbach ML, Chan RCK",Neuropsychologia,2018,Neural responses during the anticipation and receipt of olfactory reward and punishment in human.
29408524-1,29408524,1,"Bode S, Bennett D, Sewell DK, Paton B, Egan GF, Smith PL, Murawski C",Neuropsychologia,2018,Dissociating neural variability related to stimulus quality and response times in perceptual decision-making.
29501792-1,29501792,1,"McCormick K, Lacey S, Stilla R, Nygaard LC, Sathian K",Neuropsychologia,2018,Neural basis of the crossmodal correspondence between auditory pitch and visuospatial elevation.
29593488-1,29593488,1,"Sung YW, Kawachi Y, Choi US, Kang D, Abe C, Otomo Y, Ogawa S",Frontiers in neuroscience,2018,A Set of Functional Brain Networks for the Comprehensive Evaluation of Human Characteristics.
29662447-1,29662447,1,"Apaydin N, Ustun S, Kale EH, Celikag I, Ozguven HD, Baskak B, Cicek M",Frontiers in human neuroscience,2018,Neural Mechanisms Underlying Time Perception and Reward Anticipation.
29727768-1,29727768,1,"Choi EJ, Taylor MJ, Hong SB, Kim C, Yi SH",Brain and cognition,2018,The neural correlates of attachment security in typically developing children.
9465007-1,9465007,1,"Sakai K, Hikosaka O, Miyauchi S, Takino R, Sasaki Y, Putz B",The Journal of neuroscience : the official journal of the Society for Neuroscience,1998,Transition of brain activation from frontal to parietal areas in visuomotor sequence learning.
9491989-1,9491989,1,"Buckner RL, Goodman J, Burock M, Rotte M, Koutstaal W, Schacter D, Rosen B, Dale AM",Neuron,1998,Functional-anatomic correlates of object priming in humans revealed by rapid presentation event-related fMRI.
9808463-1,9808463,1,"Corbetta M, Akbudak E, Conturo TE, Snyder AZ, Ollinger JM, Drury HA, Linenweber MR, Petersen SE, Raichle ME, Van Essen DC, Shulman GL",Neuron,1998,A common network of functional areas for attention and eye movements.
9838166-1,9838166,1,"Wildgruber D, Kischka U, Ackermann H, Klose U, Grodd W",Brain research. Cognitive brain research,1999,Dynamic pattern of brain activation during sequencing of word strings evaluated by fMRI.
